{
    "txFeePerByte": 44,
    "minUTxOValue": null,
    "stakePoolDeposit": 500000000,
    "utxoCostPerWord": 1,
    "decentralization": 0.6,
    "poolRetireMaxEpoch": 18,
    "extraPraosEntropy": null,
    "collateralPercentage": 1,
    "stakePoolTargetNum": 150,
    "maxBlockBodySize": 65536,
    "maxTxSize": 16384,
    "treasuryCut": 0.2,
    "minPoolCost": 340000000,
    "maxCollateralInputs": 5,
    "maxValueSize": 5000,
    "maxBlockExecutionUnits": {
        "memory": 500000000000,
        "steps": 500000000000
    },
    "maxBlockHeaderSize": 1100,
    "costModels": {
        "PlutusScriptV1": {
            "cek_startup_cost-_ex_budget_cpu": 1000000,
            "cek_force_cost-_ex_budget_cpu": 39000,
            "cek_var_cost-_ex_budget_cpu": 39000,
            "multiply_integer-memory-arguments-intercept": 0,
            "remainder_integer-memory-arguments-intercept": 0,
            "cek_builtin_cost-_ex_budget_memory": 10,
            "remainder_integer-cpu-arguments-model_split_const_intercept": 330895,
            "sha3-cpu-arguments-intercept": 1260296,
            "subtract_integer-memory-arguments-slope": 1,
            "cek_apply_cost-_ex_budget_memory": 10,
            "gt_byte_string-cpu-arguments-intercept": 204537,
            "less_than_eq_integer-cpu-arguments-slope": 699,
            "concatenate-cpu-arguments-slope": 515,
            "less_than_integer-cpu-arguments-intercept": 187278,
            "quotient_integer-memory-arguments-slope": 1,
            "greater_than_integer-cpu-arguments-slope": 980,
            "if_then_else-cpu-arguments": 0,
            "quotient_integer-cpu-arguments-model_split_const_slope": 427,
            "lt_byte_string-cpu-arguments-slope": 227,
            "mod_integer-cpu-arguments-model_split_const_slope": 427,
            "eq_byte_string-cpu-arguments-intercept": 188562,
            "eq_integer-cpu-arguments-slope": 867,
            "multiply_integer-cpu-arguments-slope": 11464,
            "cek_builtin_cost-_ex_budget_cpu": 39000,
            "cek_startup_cost-_ex_budget_memory": 0,
            "sha3-memory-arguments": 4,
            "divide_integer-memory-arguments-intercept": 0,
            "subtract_integer-cpu-arguments-intercept": 251934,
            "cek_var_cost-_ex_budget_memory": 10,
            "divide_integer-cpu-arguments-model_split_const_intercept": 330895,
            "cek_force_cost-_ex_budget_memory": 10,
            "less_than_integer-memory-arguments": 1,
            "mod_integer-memory-arguments-minimum": 1,
            "gt_byte_string-memory-arguments": 1,
            "eq_byte_string-cpu-arguments-slope": 246,
            "mod_integer-cpu-arguments-model_split_const_intercept": 330895,
            "greater_than_eq_integer-cpu-arguments-slope": 699,
            "add_integer-memory-arguments-intercept": 1,
            "eq_byte_string-memory-arguments": 1,
            "verify_signature-cpu-arguments": 5082989,
            "take_byte_string-cpu-arguments": 3420288,
            "remainder_integer-cpu-arguments-model_split_const_slope": 427,
            "cek_const_cost-_ex_budget_cpu": 39000,
            "sha3-cpu-arguments-slope": 81356,
            "cek_delay_cost-_ex_budget_cpu": 39000,
            "drop_byte_string-memory-arguments": 2,
            "remainder_integer-memory-arguments-slope": 1,
            "subtract_integer-memory-arguments-intercept": 1,
            "eq_integer-memory-arguments": 1,
            "multiply_integer-memory-arguments-slope": 1,
            "add_integer-memory-arguments-slope": 1,
            "sha2-memory-arguments": 4,
            "greater_than_eq_integer-cpu-arguments-intercept": 216015,
            "less_than_eq_integer-memory-arguments": 1,
            "if_then_else-memory-arguments": 0,
            "add_integer-cpu-arguments-slope": 1722,
            "concatenate-memory-arguments-slope": 1,
            "lt_byte_string-memory-arguments": 1,
            "sha2-cpu-arguments-slope": 28904,
            "mod_integer-memory-arguments-slope": 1,
            "cek_apply_cost-_ex_budget_cpu": 39000,
            "greater_than_integer-memory-arguments": 1,
            "divide_integer-memory-arguments-slope": 1,
            "subtract_integer-cpu-arguments-slope": 1194,
            "divide_integer-cpu-arguments-model_split_const_slope": 427,
            "eq_integer-cpu-arguments-intercept": 211716,
            "cek_const_cost-_ex_budget_memory": 10,
            "cek_delay_cost-_ex_budget_memory": 10,
            "multiply_integer-cpu-arguments-intercept": 78642,
            "drop_byte_string-cpu-arguments": 3418326,
            "divide_integer-memory-arguments-minimum": 1,
            "cek_lam_cost-_ex_budget_memory": 10,
            "greater_than_eq_integer-memory-arguments": 1,
            "take_byte_string-memory-arguments": 20,
            "add_integer-cpu-arguments-intercept": 235735,
            "sha2-cpu-arguments-intercept": 2267819,
            "mod_integer-memory-arguments-intercept": 0,
            "verify_signature-memory-arguments": 1,
            "concatenate-memory-arguments-intercept": 0,
            "less_than_integer-cpu-arguments-slope": 980,
            "lt_byte_string-cpu-arguments-intercept": 204537,
            "less_than_eq_integer-cpu-arguments-intercept": 216015,
            "concatenate-cpu-arguments-intercept": 420084,
            "cek_lam_cost-_ex_budget_cpu": 39000,
            "quotient_integer-cpu-arguments-model_split_const_intercept": 330895,
            "quotient_integer-memory-arguments-intercept": 0,
            "greater_than_integer-cpu-arguments-intercept": 187278,
            "gt_byte_string-cpu-arguments-slope": 227
        }
    },
    "maxTxExecutionUnits": {
        "memory": 500000000000,
        "steps": 500000000000
    },
    "protocolVersion": {
        "minor": 0,
        "major": 5
    },
    "txFeeFixed": 155381,
    "stakeAddressDeposit": 2000000,
    "monetaryExpansion": 3.0e-3,
    "poolPledgeInfluence": 0.3,
    "executionUnitPrices": {
        "priceSteps": {
            "numerator": 1,
            "denominator": 1
        },
        "priceMemory": {
            "numerator": 1,
            "denominator": 1
        }
    }
}